serie,jan,fev,mar,abr,mai,jun,jul
loja.fat2025,13164797,11874843,13595426,13911070,14338462,13642102,13544477
loja.fat,15158040,13623023,14857028,14414040,15832627,15191393,11412214.97
loja.crescMes,0.0276,-0.1013,0.0906,-0.0298,0.0984,-0.0405,-0.2488
loja.notas,299546,268752,293583,279687,304430,294240,212791
loja.ticket,50.60,50.69,50.61,51.54,52.01,51.63,53.63
site.fat,,,35546.51,49483.20,34248.19,46975.08,45194.12
site.crescMes,,,,0.3921,-0.3079,0.3716,-0.0379
site.notas,0,0,0,,559,688,556
site.ticket,,,,,,68.28,81.28
site.visitas,35180,32647,33262,55418,58067,53662,30795
site.conversao,,,,,,0.0128,0.0181
callcenter.fat,,207080.84,227961.30,222618.18,231817.84,236315.17,114267.81
callcenter.crescMes,,,,,,0.0194,-0.5165
callcenter.notas,0,1772,1992,0,2157,2269,1092
callcenter.ticket,,,,,,104.15,104.64
ifood.fat,744632.49,665119.96,768380.86,782049.72,866842.23,839994.96,612441
ifood.crescMes,,-0.1068,0.1553,0.0178,0.1084,-0.0310,-0.2709
ifood.notas,10766,9521,10882,10652,12099,11567,8182
ifood.ticket,,,,,,72.62,74.85
atualizacao,22/07/2026
