Nome;Data da Inscrição;Modalidade;Tipo de Kit;Valor Pago;Status;Sexo;Camiseta
Atleta 0;09/09/2026 10:00;Caminhada 3K;Kit Básico;R$ 129,90;Pago;F;GG
Atleta 1;01/10/2026 10:01;Caminhada 3K;Kit Premium;R$ 89,90;Pago;F;P
Atleta 2;25/09/2026 10:02;Corrida 10K;Kit Básico;R$ 129,90;Pago;M;P
Atleta 3;21/09/2026 10:03;Corrida 5K;Kit Básico;R$ 89,90;Pago;M;GG
Atleta 4;14/09/2026 10:04;Corrida 10K;Kit Básico;R$ 89,90;Pago;F;M
Atleta 5;23/09/2026 10:05;Corrida 5K;Kit Básico;R$ 129,90;Pago;M;GG
Atleta 6;07/09/2026 10:06;Corrida 5K;Kit Premium;R$ 89,90;Pago;F;M
Atleta 7;20/09/2026 10:07;Corrida 10K;Kit Premium;R$ 129,90;Cancelado;M;GG
Atleta 8;16/09/2026 10:08;Caminhada 3K;Kit Premium;R$ 129,90;Pago;F;G
Atleta 9;06/09/2026 10:09;Corrida 10K;Kit Básico;R$ 89,90;Pago;F;G
Atleta 10;02/10/2026 10:10;Caminhada 3K;Kit Básico;R$ 129,90;Pago;F;GG
Atleta 11;11/09/2026 10:11;Corrida 5K;Kit Básico;R$ 89,90;Pago;M;GG
Atleta 12;23/09/2026 10:12;Caminhada 3K;Kit Premium;R$ 129,90;Pago;M;GG
Atleta 13;09/09/2026 10:13;Caminhada 3K;Kit Básico;R$ 129,90;Pago;F;G
Atleta 14;13/09/2026 10:14;Caminhada 3K;Kit Premium;R$ 129,90;Pago;F;G
Atleta 15;01/09/2026 10:15;Caminhada 3K;Kit Premium;R$ 129,90;Cancelado;M;M
Atleta 16;12/09/2026 10:16;Caminhada 3K;Kit Básico;R$ 89,90;Pago;F;P
Atleta 17;05/09/2026 10:17;Corrida 5K;Kit Básico;R$ 129,90;Pago;F;M
Atleta 18;18/09/2026 10:18;Corrida 5K;Kit Básico;R$ 129,90;Pago;M;M
Atleta 19;11/09/2026 10:19;Corrida 10K;Kit Básico;R$ 129,90;Pago;F;G
Atleta 20;02/10/2026 10:20;Corrida 10K;Kit Básico;R$ 89,90;Pago;F;G
Atleta 21;27/09/2026 10:21;Corrida 5K;Kit Premium;R$ 89,90;Pago;M;GG
Atleta 22;02/09/2026 10:22;Corrida 5K;Kit Básico;R$ 129,90;Pago;M;M
Atleta 23;29/09/2026 10:23;Caminhada 3K;Kit Premium;R$ 89,90;Pago;F;M
Atleta 24;02/09/2026 10:24;Corrida 10K;Kit Premium;R$ 129,90;Pago;F;M
Atleta 25;14/09/2026 10:25;Corrida 5K;Kit Premium;R$ 89,90;Pago;F;G
Atleta 26;11/09/2026 10:26;Corrida 10K;Kit Premium;R$ 89,90;Pago;M;M
Atleta 27;30/09/2026 10:27;Corrida 5K;Kit Básico;R$ 129,90;Pago;F;P
Atleta 28;14/09/2026 10:28;Caminhada 3K;Kit Premium;R$ 89,90;Pago;M;GG
Atleta 29;19/09/2026 10:29;Caminhada 3K;Kit Premium;R$ 89,90;Pago;F;G
Atleta 30;02/09/2026 10:30;Corrida 5K;Kit Básico;R$ 129,90;Cancelado;M;G
Atleta 31;28/09/2026 10:31;Corrida 5K;Kit Premium;R$ 89,90;Pago;F;GG
Atleta 32;16/09/2026 10:32;Corrida 5K;Kit Básico;R$ 89,90;Pago;M;M
Atleta 33;14/09/2026 10:33;Corrida 10K;Kit Premium;R$ 129,90;Pago;F;G
Atleta 34;08/09/2026 10:34;Corrida 10K;Kit Básico;R$ 129,90;Pago;M;G
Atleta 35;03/09/2026 10:35;Corrida 10K;Kit Básico;R$ 129,90;Pago;M;G
Atleta 36;08/09/2026 10:36;Caminhada 3K;Kit Premium;R$ 89,90;Cancelado;M;P
Atleta 37;18/09/2026 10:37;Corrida 10K;Kit Premium;R$ 89,90;Pago;F;P
Atleta 38;03/09/2026 10:38;Corrida 10K;Kit Básico;R$ 89,90;Pago;F;P
Atleta 39;03/09/2026 10:39;Corrida 5K;Kit Básico;R$ 129,90;Pago;M;GG
Atleta 40;11/09/2026 10:40;Caminhada 3K;Kit Básico;R$ 89,90;Pago;F;GG
Atleta 41;19/09/2026 10:41;Caminhada 3K;Kit Premium;R$ 129,90;Pago;M;M
Atleta 42;21/09/2026 10:42;Corrida 5K;Kit Básico;R$ 89,90;Pago;F;GG
Atleta 43;26/09/2026 10:43;Corrida 10K;Kit Premium;R$ 89,90;Pago;F;GG
Atleta 44;08/09/2026 10:44;Corrida 10K;Kit Básico;R$ 129,90;Pago;F;M
Atleta 45;14/09/2026 10:45;Corrida 10K;Kit Básico;R$ 89,90;Pago;M;G
Atleta 46;06/09/2026 10:46;Corrida 10K;Kit Básico;R$ 129,90;Pago;F;G
Atleta 47;03/09/2026 10:47;Corrida 10K;Kit Básico;R$ 129,90;Cancelado;F;M
Atleta 48;22/09/2026 10:48;Corrida 5K;Kit Básico;R$ 89,90;Pago;M;M
Atleta 49;26/09/2026 10:49;Corrida 5K;Kit Premium;R$ 89,90;Pago;M;P
Atleta 50;19/09/2026 10:50;Corrida 10K;Kit Premium;R$ 129,90;Pago;M;G
Atleta 51;05/09/2026 10:51;Caminhada 3K;Kit Básico;R$ 89,90;Pago;M;G
Atleta 52;20/09/2026 10:52;Corrida 5K;Kit Premium;R$ 89,90;Pago;M;P
Atleta 53;21/09/2026 10:53;Caminhada 3K;Kit Básico;R$ 89,90;Pago;F;M
Atleta 54;04/09/2026 10:54;Caminhada 3K;Kit Básico;R$ 129,90;Pago;F;GG
Atleta 55;17/09/2026 10:55;Caminhada 3K;Kit Premium;R$ 129,90;Pago;F;G
Atleta 56;11/09/2026 10:56;Corrida 10K;Kit Premium;R$ 89,90;Pago;M;P
Atleta 57;23/09/2026 10:57;Caminhada 3K;Kit Básico;R$ 89,90;Pago;F;G
Atleta 58;26/09/2026 10:58;Caminhada 3K;Kit Premium;R$ 89,90;Cancelado;M;M
Atleta 59;02/10/2026 10:59;Corrida 5K;Kit Básico;R$ 129,90;Pago;F;M
Atleta 60;16/09/2026 10:00;Corrida 10K;Kit Premium;R$ 129,90;Pago;F;G
Atleta 61;18/09/2026 10:01;Caminhada 3K;Kit Básico;R$ 89,90;Pago;F;M
Atleta 62;14/09/2026 10:02;Corrida 10K;Kit Premium;R$ 129,90;Pago;F;M
Atleta 63;30/09/2026 10:03;Caminhada 3K;Kit Básico;R$ 89,90;Cancelado;F;M
Atleta 64;10/09/2026 10:04;Corrida 10K;Kit Premium;R$ 89,90;Cancelado;M;GG
Atleta 65;26/09/2026 10:05;Caminhada 3K;Kit Premium;R$ 129,90;Pago;M;P
Atleta 66;06/09/2026 10:06;Corrida 10K;Kit Básico;R$ 129,90;Pago;M;P
Atleta 67;29/09/2026 10:07;Corrida 5K;Kit Premium;R$ 129,90;Pago;M;G
Atleta 68;29/09/2026 10:08;Corrida 5K;Kit Premium;R$ 89,90;Pago;F;GG
Atleta 69;08/09/2026 10:09;Caminhada 3K;Kit Premium;R$ 129,90;Pago;F;P
Atleta 70;13/09/2026 10:10;Caminhada 3K;Kit Premium;R$ 89,90;Pago;M;G
Atleta 71;14/09/2026 10:11;Corrida 5K;Kit Premium;R$ 89,90;Pago;M;G
Atleta 72;20/09/2026 10:12;Caminhada 3K;Kit Premium;R$ 129,90;Pago;F;GG
Atleta 73;27/09/2026 10:13;Corrida 5K;Kit Básico;R$ 129,90;Pago;F;P
Atleta 74;02/09/2026 10:14;Corrida 5K;Kit Básico;R$ 129,90;Pago;M;G
Atleta 75;20/09/2026 10:15;Corrida 10K;Kit Premium;R$ 129,90;Pago;M;GG
Atleta 76;29/09/2026 10:16;Corrida 10K;Kit Premium;R$ 129,90;Pago;F;P
Atleta 77;25/09/2026 10:17;Corrida 10K;Kit Básico;R$ 89,90;Pago;M;GG
Atleta 78;27/09/2026 10:18;Caminhada 3K;Kit Premium;R$ 89,90;Pago;M;G
Atleta 79;01/09/2026 10:19;Caminhada 3K;Kit Premium;R$ 129,90;Pago;F;P
Atleta 80;02/10/2026 10:20;Caminhada 3K;Kit Básico;R$ 129,90;Pago;F;M
Atleta 81;26/09/2026 10:21;Corrida 10K;Kit Básico;R$ 89,90;Cancelado;M;G
Atleta 82;17/09/2026 10:22;Caminhada 3K;Kit Premium;R$ 129,90;Pago;F;G
Atleta 83;02/10/2026 10:23;Corrida 5K;Kit Premium;R$ 89,90;Pago;M;GG
Atleta 84;05/09/2026 10:24;Corrida 10K;Kit Básico;R$ 129,90;Pago;M;M
Atleta 85;06/09/2026 10:25;Corrida 10K;Kit Premium;R$ 129,90;Pago;M;M
Atleta 86;22/09/2026 10:26;Corrida 10K;Kit Básico;R$ 89,90;Pago;F;GG
Atleta 87;04/09/2026 10:27;Corrida 5K;Kit Premium;R$ 129,90;Pago;M;GG
Atleta 88;26/09/2026 10:28;Corrida 5K;Kit Premium;R$ 129,90;Cancelado;F;M
Atleta 89;17/09/2026 10:29;Caminhada 3K;Kit Básico;R$ 89,90;Cancelado;F;G
Atleta 90;28/09/2026 10:30;Corrida 5K;Kit Premium;R$ 89,90;Pago;M;GG
Atleta 91;10/09/2026 10:31;Caminhada 3K;Kit Premium;R$ 129,90;Pago;M;M
Atleta 92;09/09/2026 10:32;Caminhada 3K;Kit Premium;R$ 129,90;Pago;F;M
Atleta 93;08/09/2026 10:33;Caminhada 3K;Kit Básico;R$ 129,90;Pago;M;M
Atleta 94;26/09/2026 10:34;Corrida 10K;Kit Premium;R$ 89,90;Pago;M;P
Atleta 95;02/09/2026 10:35;Corrida 5K;Kit Básico;R$ 129,90;Pago;F;G
Atleta 96;18/09/2026 10:36;Corrida 5K;Kit Básico;R$ 89,90;Pago;F;M
Atleta 97;02/10/2026 10:37;Corrida 10K;Kit Premium;R$ 89,90;Pago;M;G
Atleta 98;30/09/2026 10:38;Caminhada 3K;Kit Premium;R$ 89,90;Pago;F;G
Atleta 99;02/10/2026 10:39;Caminhada 3K;Kit Básico;R$ 89,90;Pago;M;P
Atleta 100;01/09/2026 10:40;Corrida 10K;Kit Premium;R$ 129,90;Cancelado;F;M
Atleta 101;26/09/2026 10:41;Corrida 5K;Kit Básico;R$ 89,90;Pago;F;M
Atleta 102;04/09/2026 10:42;Caminhada 3K;Kit Premium;R$ 129,90;Pago;M;GG
Atleta 103;20/09/2026 10:43;Corrida 5K;Kit Básico;R$ 89,90;Pago;M;P
Atleta 104;18/09/2026 10:44;Corrida 5K;Kit Premium;R$ 89,90;Pago;M;GG
Atleta 105;09/09/2026 10:45;Caminhada 3K;Kit Premium;R$ 89,90;Pago;F;G
Atleta 106;18/09/2026 10:46;Corrida 10K;Kit Básico;R$ 89,90;Pago;M;G
Atleta 107;28/09/2026 10:47;Caminhada 3K;Kit Básico;R$ 129,90;Pago;F;M
Atleta 108;28/09/2026 10:48;Caminhada 3K;Kit Básico;R$ 129,90;Cancelado;M;G
Atleta 109;12/09/2026 10:49;Corrida 5K;Kit Básico;R$ 89,90;Pago;F;P
Atleta 110;04/09/2026 10:50;Caminhada 3K;Kit Básico;R$ 129,90;Pago;F;P
Atleta 111;21/09/2026 10:51;Corrida 5K;Kit Básico;R$ 89,90;Pago;M;GG
Atleta 112;29/09/2026 10:52;Corrida 5K;Kit Premium;R$ 89,90;Pago;F;P
Atleta 113;20/09/2026 10:53;Corrida 5K;Kit Premium;R$ 89,90;Pago;F;M
Atleta 114;17/09/2026 10:54;Corrida 10K;Kit Básico;R$ 129,90;Pago;F;M
Atleta 115;14/09/2026 10:55;Corrida 10K;Kit Premium;R$ 129,90;Cancelado;F;P
Atleta 116;09/09/2026 10:56;Caminhada 3K;Kit Premium;R$ 89,90;Pago;M;M
Atleta 117;24/09/2026 10:57;Corrida 10K;Kit Premium;R$ 89,90;Pago;F;M
Atleta 118;05/09/2026 10:58;Corrida 5K;Kit Premium;R$ 129,90;Pago;F;G
Atleta 119;23/09/2026 10:59;Corrida 10K;Kit Premium;R$ 89,90;Pago;M;M
Atleta 120;21/09/2026 10:00;Caminhada 3K;Kit Premium;R$ 129,90;Cancelado;M;GG
Atleta 121;18/09/2026 10:01;Corrida 10K;Kit Premium;R$ 129,90;Pago;M;P
Atleta 122;09/09/2026 10:02;Corrida 5K;Kit Premium;R$ 129,90;Pago;F;G
Atleta 123;24/09/2026 10:03;Corrida 10K;Kit Premium;R$ 129,90;Cancelado;F;M
Atleta 124;02/09/2026 10:04;Corrida 5K;Kit Premium;R$ 89,90;Cancelado;M;P
Atleta 125;12/09/2026 10:05;Corrida 10K;Kit Básico;R$ 89,90;Pago;F;P
Atleta 126;14/09/2026 10:06;Corrida 10K;Kit Básico;R$ 89,90;Pago;M;M
Atleta 127;28/09/2026 10:07;Corrida 5K;Kit Premium;R$ 129,90;Pago;M;M
Atleta 128;02/10/2026 10:08;Corrida 5K;Kit Premium;R$ 129,90;Pago;M;GG
Atleta 129;05/09/2026 10:09;Corrida 10K;Kit Premium;R$ 89,90;Pago;F;GG
Atleta 130;05/09/2026 10:10;Corrida 10K;Kit Premium;R$ 89,90;Pago;F;P
Atleta 131;13/09/2026 10:11;Corrida 10K;Kit Básico;R$ 89,90;Pago;F;G
Atleta 132;27/09/2026 10:12;Caminhada 3K;Kit Premium;R$ 129,90;Pago;F;M
Atleta 133;29/09/2026 10:13;Caminhada 3K;Kit Básico;R$ 89,90;Pago;M;GG
Atleta 134;03/09/2026 10:14;Corrida 10K;Kit Premium;R$ 129,90;Pago;M;P
Atleta 135;06/09/2026 10:15;Corrida 5K;Kit Premium;R$ 129,90;Pago;F;G
Atleta 136;01/10/2026 10:16;Corrida 10K;Kit Premium;R$ 129,90;Pago;F;G
Atleta 137;10/09/2026 10:17;Corrida 10K;Kit Básico;R$ 89,90;Pago;F;G
Atleta 138;09/09/2026 10:18;Caminhada 3K;Kit Premium;R$ 129,90;Pago;F;GG
Atleta 139;18/09/2026 10:19;Corrida 10K;Kit Premium;R$ 129,90;Pago;F;GG
Atleta 140;28/09/2026 10:20;Corrida 5K;Kit Básico;R$ 89,90;Pago;M;M
Atleta 141;02/09/2026 10:21;Corrida 5K;Kit Premium;R$ 89,90;Pago;M;GG
Atleta 142;12/09/2026 10:22;Corrida 5K;Kit Básico;R$ 129,90;Cancelado;M;M
Atleta 143;28/09/2026 10:23;Corrida 10K;Kit Básico;R$ 89,90;Pago;F;P
Atleta 144;17/09/2026 10:24;Caminhada 3K;Kit Premium;R$ 89,90;Pago;M;M
Atleta 145;06/09/2026 10:25;Corrida 10K;Kit Básico;R$ 129,90;Pago;F;GG
Atleta 146;08/09/2026 10:26;Caminhada 3K;Kit Premium;R$ 89,90;Pago;F;M
Atleta 147;11/09/2026 10:27;Caminhada 3K;Kit Premium;R$ 129,90;Pago;F;GG
Atleta 148;14/09/2026 10:28;Caminhada 3K;Kit Premium;R$ 129,90;Pago;M;G
Atleta 149;18/09/2026 10:29;Corrida 5K;Kit Premium;R$ 129,90;Pago;M;G
Atleta 150;18/09/2026 10:30;Caminhada 3K;Kit Básico;R$ 129,90;Pago;M;G
Atleta 151;13/09/2026 10:31;Corrida 10K;Kit Básico;R$ 89,90;Pago;F;G
Atleta 152;01/10/2026 10:32;Caminhada 3K;Kit Premium;R$ 129,90;Pago;M;GG
Atleta 153;24/09/2026 10:33;Caminhada 3K;Kit Premium;R$ 89,90;Pago;M;M
Atleta 154;29/09/2026 10:34;Caminhada 3K;Kit Básico;R$ 89,90;Pago;F;M
Atleta 155;14/09/2026 10:35;Corrida 10K;Kit Premium;R$ 129,90;Pago;M;M
Atleta 156;09/09/2026 10:36;Caminhada 3K;Kit Premium;R$ 89,90;Pago;M;M
Atleta 157;08/09/2026 10:37;Corrida 5K;Kit Básico;R$ 129,90;Pago;F;P
Atleta 158;02/09/2026 10:38;Corrida 10K;Kit Básico;R$ 89,90;Pago;F;G
Atleta 159;18/09/2026 10:39;Caminhada 3K;Kit Premium;R$ 89,90;Pago;F;G
Atleta 160;09/09/2026 10:40;Corrida 5K;Kit Premium;R$ 89,90;Cancelado;M;G
Atleta 161;05/09/2026 10:41;Corrida 5K;Kit Básico;R$ 129,90;Pago;M;G
Atleta 162;04/09/2026 10:42;Corrida 10K;Kit Básico;R$ 89,90;Pago;F;G
Atleta 163;16/09/2026 10:43;Corrida 5K;Kit Premium;R$ 129,90;Pago;F;P
Atleta 164;23/09/2026 10:44;Caminhada 3K;Kit Básico;R$ 129,90;Pago;M;GG
Atleta 165;27/09/2026 10:45;Caminhada 3K;Kit Premium;R$ 129,90;Pago;F;M
Atleta 166;04/09/2026 10:46;Caminhada 3K;Kit Básico;R$ 89,90;Pago;M;GG
Atleta 167;18/09/2026 10:47;Caminhada 3K;Kit Básico;R$ 129,90;Pago;F;G
Atleta 168;01/10/2026 10:48;Corrida 5K;Kit Premium;R$ 89,90;Pago;M;G
Atleta 169;02/09/2026 10:49;Caminhada 3K;Kit Premium;R$ 129,90;Pago;M;P
Atleta 170;10/09/2026 10:50;Caminhada 3K;Kit Básico;R$ 129,90;Pago;F;G
Atleta 171;11/09/2026 10:51;Corrida 5K;Kit Premium;R$ 129,90;Pago;M;M
Atleta 172;18/09/2026 10:52;Corrida 10K;Kit Básico;R$ 89,90;Pago;F;P
Atleta 173;30/09/2026 10:53;Corrida 5K;Kit Premium;R$ 129,90;Pago;F;GG
Atleta 174;26/09/2026 10:54;Caminhada 3K;Kit Premium;R$ 89,90;Pago;F;P
Atleta 175;01/09/2026 10:55;Corrida 5K;Kit Básico;R$ 89,90;Pago;F;G
Atleta 176;23/09/2026 10:56;Corrida 10K;Kit Básico;R$ 89,90;Pago;F;M
Atleta 177;08/09/2026 10:57;Corrida 5K;Kit Premium;R$ 129,90;Pago;F;P
Atleta 178;28/09/2026 10:58;Corrida 10K;Kit Premium;R$ 129,90;Pago;F;GG
Atleta 179;16/09/2026 10:59;Caminhada 3K;Kit Básico;R$ 89,90;Pago;M;M
Atleta 180;02/10/2026 10:00;Corrida 10K;Kit Básico;R$ 89,90;Pago;M;GG
Atleta 181;12/09/2026 10:01;Corrida 10K;Kit Básico;R$ 89,90;Pago;F;G
Atleta 182;16/09/2026 10:02;Caminhada 3K;Kit Premium;R$ 129,90;Pago;F;M
Atleta 183;28/09/2026 10:03;Corrida 10K;Kit Premium;R$ 89,90;Cancelado;F;G
Atleta 184;09/09/2026 10:04;Corrida 5K;Kit Básico;R$ 129,90;Pago;M;P
Atleta 185;05/09/2026 10:05;Corrida 5K;Kit Premium;R$ 129,90;Pago;F;M
Atleta 186;10/09/2026 10:06;Caminhada 3K;Kit Básico;R$ 129,90;Pago;F;GG
Atleta 187;15/09/2026 10:07;Caminhada 3K;Kit Premium;R$ 89,90;Pago;M;GG
Atleta 188;11/09/2026 10:08;Caminhada 3K;Kit Básico;R$ 129,90;Pago;M;M
Atleta 189;12/09/2026 10:09;Corrida 10K;Kit Básico;R$ 89,90;Pago;M;P
Atleta 190;13/09/2026 10:10;Caminhada 3K;Kit Básico;R$ 89,90;Pago;F;P
Atleta 191;04/09/2026 10:11;Corrida 10K;Kit Básico;R$ 89,90;Pago;M;M
Atleta 192;01/09/2026 10:12;Corrida 5K;Kit Premium;R$ 129,90;Pago;F;M
Atleta 193;09/09/2026 10:13;Caminhada 3K;Kit Premium;R$ 129,90;Pago;F;M
Atleta 194;26/09/2026 10:14;Caminhada 3K;Kit Premium;R$ 89,90;Pago;F;G
Atleta 195;10/09/2026 10:15;Corrida 10K;Kit Premium;R$ 89,90;Cancelado;M;G
Atleta 196;22/09/2026 10:16;Corrida 5K;Kit Premium;R$ 129,90;Pago;F;GG
Atleta 197;18/09/2026 10:17;Caminhada 3K;Kit Premium;R$ 89,90;Pago;M;G
Atleta 198;15/09/2026 10:18;Corrida 5K;Kit Básico;R$ 89,90;Pago;F;M
Atleta 199;09/09/2026 10:19;Caminhada 3K;Kit Premium;R$ 129,90;Pago;M;P
Atleta 200;10/09/2026 10:20;Caminhada 3K;Kit Básico;R$ 89,90;Pago;F;GG
Atleta 201;09/09/2026 10:21;Caminhada 3K;Kit Básico;R$ 89,90;Pago;F;M
Atleta 202;19/09/2026 10:22;Corrida 5K;Kit Premium;R$ 129,90;Pago;M;G
Atleta 203;10/09/2026 10:23;Corrida 10K;Kit Premium;R$ 129,90;Pago;F;M
Atleta 204;30/09/2026 10:24;Corrida 5K;Kit Premium;R$ 89,90;Cancelado;F;GG
Atleta 205;17/09/2026 10:25;Caminhada 3K;Kit Básico;R$ 89,90;Pago;M;M
Atleta 206;07/09/2026 10:26;Corrida 5K;Kit Premium;R$ 89,90;Pago;F;P
Atleta 207;14/09/2026 10:27;Corrida 10K;Kit Básico;R$ 129,90;Pago;M;M
Atleta 208;25/09/2026 10:28;Caminhada 3K;Kit Premium;R$ 89,90;Pago;M;M
Atleta 209;15/09/2026 10:29;Corrida 10K;Kit Premium;R$ 129,90;Pago;F;GG
Atleta 210;07/09/2026 10:30;Caminhada 3K;Kit Básico;R$ 89,90;Pago;M;GG
Atleta 211;03/09/2026 10:31;Corrida 10K;Kit Básico;R$ 129,90;Pago;F;M
Atleta 212;07/09/2026 10:32;Corrida 5K;Kit Básico;R$ 129,90;Pago;M;M
Atleta 213;13/09/2026 10:33;Caminhada 3K;Kit Premium;R$ 129,90;Pago;M;G
Atleta 214;05/09/2026 10:34;Corrida 10K;Kit Básico;R$ 129,90;Pago;M;M
Atleta 215;19/09/2026 10:35;Corrida 10K;Kit Básico;R$ 89,90;Cancelado;F;P
Atleta 216;26/09/2026 10:36;Caminhada 3K;Kit Premium;R$ 129,90;Pago;F;GG
Atleta 217;04/09/2026 10:37;Caminhada 3K;Kit Premium;R$ 89,90;Pago;F;G
Atleta 218;10/09/2026 10:38;Caminhada 3K;Kit Premium;R$ 89,90;Cancelado;F;GG
Atleta 219;26/09/2026 10:39;Caminhada 3K;Kit Básico;R$ 89,90;Pago;M;P
Atleta 220;22/09/2026 10:40;Corrida 10K;Kit Premium;R$ 89,90;Pago;M;GG
Atleta 221;06/09/2026 10:41;Caminhada 3K;Kit Premium;R$ 129,90;Pago;M;M
Atleta 222;21/09/2026 10:42;Corrida 10K;Kit Básico;R$ 89,90;Cancelado;M;P
Atleta 223;26/09/2026 10:43;Corrida 10K;Kit Premium;R$ 129,90;Pago;F;G
Atleta 224;03/09/2026 10:44;Caminhada 3K;Kit Básico;R$ 89,90;Pago;F;G
Atleta 225;06/09/2026 10:45;Corrida 5K;Kit Básico;R$ 129,90;Pago;M;M
Atleta 226;19/09/2026 10:46;Caminhada 3K;Kit Premium;R$ 89,90;Pago;M;G
Atleta 227;01/10/2026 10:47;Corrida 5K;Kit Premium;R$ 89,90;Pago;M;G
Atleta 228;22/09/2026 10:48;Corrida 10K;Kit Básico;R$ 89,90;Pago;F;P
Atleta 229;02/09/2026 10:49;Corrida 10K;Kit Premium;R$ 89,90;Pago;M;GG
Atleta 230;12/09/2026 10:50;Corrida 5K;Kit Básico;R$ 89,90;Cancelado;M;P
Atleta 231;18/09/2026 10:51;Corrida 10K;Kit Básico;R$ 89,90;Pago;F;G
Atleta 232;23/09/2026 10:52;Corrida 5K;Kit Básico;R$ 89,90;Pago;M;M
Atleta 233;17/09/2026 10:53;Caminhada 3K;Kit Básico;R$ 89,90;Pago;M;M
Atleta 234;03/09/2026 10:54;Caminhada 3K;Kit Básico;R$ 89,90;Pago;F;M
Atleta 235;02/10/2026 10:55;Caminhada 3K;Kit Premium;R$ 129,90;Pago;M;M
Atleta 236;12/09/2026 10:56;Corrida 5K;Kit Premium;R$ 129,90;Cancelado;F;G
Atleta 237;02/09/2026 10:57;Corrida 10K;Kit Básico;R$ 89,90;Cancelado;F;G
Atleta 238;22/09/2026 10:58;Corrida 5K;Kit Premium;R$ 89,90;Pago;F;GG
Atleta 239;29/09/2026 10:59;Caminhada 3K;Kit Premium;R$ 89,90;Pago;F;GG
Atleta 240;17/09/2026 10:00;Corrida 10K;Kit Premium;R$ 89,90;Cancelado;M;GG
Atleta 241;30/09/2026 10:01;Corrida 10K;Kit Básico;R$ 129,90;Pago;F;G
Atleta 242;10/09/2026 10:02;Corrida 10K;Kit Premium;R$ 89,90;Pago;F;P
Atleta 243;17/09/2026 10:03;Caminhada 3K;Kit Básico;R$ 129,90;Pago;M;G
Atleta 244;22/09/2026 10:04;Corrida 10K;Kit Básico;R$ 89,90;Pago;F;P
Atleta 245;05/09/2026 10:05;Corrida 5K;Kit Premium;R$ 129,90;Cancelado;F;M
Atleta 246;02/09/2026 10:06;Caminhada 3K;Kit Básico;R$ 129,90;Pago;F;GG
Atleta 247;27/09/2026 10:07;Caminhada 3K;Kit Premium;R$ 89,90;Pago;F;M
Atleta 248;03/09/2026 10:08;Caminhada 3K;Kit Básico;R$ 89,90;Pago;F;GG
Atleta 249;14/09/2026 10:09;Caminhada 3K;Kit Básico;R$ 129,90;Pago;M;G
Atleta 250;29/09/2026 10:10;Corrida 10K;Kit Básico;R$ 89,90;Pago;F;GG
Atleta 251;22/09/2026 10:11;Caminhada 3K;Kit Premium;R$ 129,90;Cancelado;M;G
Atleta 252;18/09/2026 10:12;Corrida 10K;Kit Básico;R$ 129,90;Pago;F;P
Atleta 253;15/09/2026 10:13;Caminhada 3K;Kit Premium;R$ 129,90;Pago;M;P
Atleta 254;07/09/2026 10:14;Caminhada 3K;Kit Básico;R$ 89,90;Pago;M;P
Atleta 255;14/09/2026 10:15;Corrida 5K;Kit Básico;R$ 129,90;Pago;M;P
Atleta 256;01/09/2026 10:16;Corrida 5K;Kit Premium;R$ 129,90;Pago;M;M
Atleta 257;01/10/2026 10:17;Corrida 5K;Kit Premium;R$ 129,90;Cancelado;F;M
Atleta 258;12/09/2026 10:18;Corrida 5K;Kit Premium;R$ 89,90;Pago;F;P
Atleta 259;22/09/2026 10:19;Corrida 10K;Kit Premium;R$ 89,90;Pago;M;P
Atleta 260;12/09/2026 10:20;Corrida 5K;Kit Básico;R$ 89,90;Pago;M;P
Atleta 261;21/09/2026 10:21;Caminhada 3K;Kit Básico;R$ 89,90;Pago;M;M
Atleta 262;03/09/2026 10:22;Caminhada 3K;Kit Premium;R$ 129,90;Pago;M;GG
Atleta 263;13/09/2026 10:23;Corrida 5K;Kit Básico;R$ 89,90;Pago;M;P
Atleta 264;08/09/2026 10:24;Corrida 5K;Kit Básico;R$ 129,90;Pago;F;M
Atleta 265;03/09/2026 10:25;Caminhada 3K;Kit Premium;R$ 89,90;Pago;F;G
Atleta 266;30/09/2026 10:26;Caminhada 3K;Kit Premium;R$ 129,90;Pago;F;M
Atleta 267;02/10/2026 10:27;Corrida 10K;Kit Básico;R$ 89,90;Pago;M;GG
Atleta 268;18/09/2026 10:28;Caminhada 3K;Kit Premium;R$ 129,90;Pago;F;GG
Atleta 269;24/09/2026 10:29;Corrida 10K;Kit Premium;R$ 129,90;Pago;M;G
Atleta 270;09/09/2026 10:30;Corrida 10K;Kit Básico;R$ 129,90;Cancelado;M;M
Atleta 271;11/09/2026 10:31;Corrida 10K;Kit Básico;R$ 89,90;Pago;M;G
Atleta 272;16/09/2026 10:32;Corrida 10K;Kit Premium;R$ 89,90;Pago;F;G
Atleta 273;05/09/2026 10:33;Corrida 10K;Kit Básico;R$ 129,90;Pago;M;M
Atleta 274;21/09/2026 10:34;Corrida 5K;Kit Básico;R$ 129,90;Pago;M;P
Atleta 275;13/09/2026 10:35;Caminhada 3K;Kit Premium;R$ 129,90;Pago;F;G
Atleta 276;22/09/2026 10:36;Caminhada 3K;Kit Básico;R$ 89,90;Pago;M;G
Atleta 277;14/09/2026 10:37;Corrida 5K;Kit Básico;R$ 129,90;Pago;F;M
Atleta 278;24/09/2026 10:38;Corrida 5K;Kit Básico;R$ 129,90;Cancelado;M;M
Atleta 279;07/09/2026 10:39;Corrida 5K;Kit Básico;R$ 129,90;Pago;F;M
Atleta 280;11/09/2026 10:40;Corrida 5K;Kit Básico;R$ 129,90;Cancelado;F;GG
Atleta 281;01/10/2026 10:41;Corrida 5K;Kit Premium;R$ 89,90;Pago;M;G
Atleta 282;14/09/2026 10:42;Corrida 5K;Kit Básico;R$ 89,90;Pago;M;M
Atleta 283;02/10/2026 10:43;Corrida 10K;Kit Básico;R$ 89,90;Pago;M;M
Atleta 284;14/09/2026 10:44;Corrida 5K;Kit Premium;R$ 89,90;Cancelado;F;M
Atleta 285;02/09/2026 10:45;Corrida 5K;Kit Premium;R$ 129,90;Pago;M;P
Atleta 286;24/09/2026 10:46;Corrida 10K;Kit Premium;R$ 89,90;Pago;M;G
Atleta 287;20/09/2026 10:47;Caminhada 3K;Kit Premium;R$ 89,90;Pago;F;GG
Atleta 288;05/09/2026 10:48;Corrida 10K;Kit Básico;R$ 129,90;Pago;M;G
Atleta 289;15/09/2026 10:49;Corrida 10K;Kit Premium;R$ 129,90;Pago;F;GG
Atleta 290;01/09/2026 10:50;Corrida 10K;Kit Básico;R$ 129,90;Pago;M;GG
Atleta 291;28/09/2026 10:51;Caminhada 3K;Kit Básico;R$ 129,90;Pago;F;G
Atleta 292;17/09/2026 10:52;Caminhada 3K;Kit Básico;R$ 129,90;Pago;F;P
Atleta 293;26/09/2026 10:53;Corrida 10K;Kit Básico;R$ 129,90;Pago;M;GG
Atleta 294;16/09/2026 10:54;Corrida 5K;Kit Básico;R$ 89,90;Pago;M;GG
Atleta 295;01/10/2026 10:55;Caminhada 3K;Kit Premium;R$ 89,90;Cancelado;F;GG
Atleta 296;01/09/2026 10:56;Corrida 10K;Kit Premium;R$ 89,90;Cancelado;F;P
Atleta 297;24/09/2026 10:57;Corrida 10K;Kit Premium;R$ 89,90;Pago;F;P
Atleta 298;29/09/2026 10:58;Corrida 10K;Kit Básico;R$ 89,90;Pago;F;P
Atleta 299;24/09/2026 10:59;Caminhada 3K;Kit Premium;R$ 89,90;Cancelado;F;GG